<?xml version="1.0" encoding="UTF-8"?>
<con:soapui-project id="ef608208-9cb3-4f88-9a64-d88f239d1cbd" activeEnvironment="Default" name="REST Project 2" resourceRoot="${projectDir}" soapui-version="5.7.0" abortOnError="false" runType="SEQUENTIAL" xmlns:con="http://eviware.com/soapui/config"><con:settings/><con:interface xsi:type="con:RestService" id="df87c7fd-4898-41ee-b776-75b024a73c2f" wadlVersion="http://wadl.dev.java.net/2009/02" name="http://216.10.245.166" type="rest" xmlns:xsi="http://www.w3.org/2001/XMLSchema-instance"><con:settings/><con:definitionCache type="TEXT" rootPart=""/><con:endpoints><con:endpoint>http://216.10.245.166</con:endpoint></con:endpoints><con:resource name="" path="/maps/api/place/add/json" id="df4ce31f-c020-4d29-9e9a-b2a865551ea5"><con:settings/><con:parameters><con:parameter><con:name> key</con:name><con:value/><con:style>QUERY</con:style><con:default/><con:description xsi:nil="true"/></con:parameter></con:parameters><con:method name="1" id="93d7856c-fee4-4c58-8a8f-7bb6d54a8493" method="POST"><con:settings/><con:parameters/><con:representation type="REQUEST"><con:mediaType>application/json</con:mediaType><con:params/></con:representation><con:representation type="RESPONSE"><con:mediaType>application/json;charset=UTF-8</con:mediaType><con:status>200</con:status><con:params/><con:element xmlns:json="http://216.10.245.166/maps/api/place/add/json">json:Response</con:element></con:representation><con:representation type="RESPONSE"><con:mediaType>application/json; charset=UTF-8</con:mediaType><con:status>200</con:status><con:params/></con:representation><con:request name="Request 1" id="e7657822-89da-4863-bfec-ac2d30d37e49" mediaType="application/json" postQueryString="false"><con:settings><con:setting id="com.eviware.soapui.impl.wsdl.WsdlRequest@request-headers">&lt;xml-fragment/></con:setting></con:settings><con:endpoint>$(#Project#baseurl)</con:endpoint><con:request>
{

    "location":{

        "lat" : -38.383494,

        "lng" : 33.427362

    },

    "accuracy":50,

    "name":"Frontline house",

    "phone_number":"(+91) 983 893 3937",

    "address" : "29, side layout, cohen 09",

    "types": ["shoe park","shop"],

    "website" : "http://google.com",

    "language" : "French-IN"

}
</con:request><con:originalUri>http://216.10.245.166/maps/api/place/add/json</con:originalUri><con:credentials><con:authType>No Authorization</con:authType></con:credentials><con:jmsConfig JMSDeliveryMode="PERSISTENT"/><con:jmsPropertyConfig/><con:parameters><entry key=" key" value="qaclick123" xmlns="http://eviware.com/soapui/config"/></con:parameters><con:parameterOrder><con:entry> key</con:entry></con:parameterOrder></con:request></con:method></con:resource><con:resource name="xml" path="/maps/api/place/add/xml" id="8e6abdde-b84e-45ec-860a-34aae7fbee15"><con:settings/><con:parameters><con:parameter><con:name>key</con:name><con:value/><con:style>QUERY</con:style><con:default/><con:description xsi:nil="true"/></con:parameter></con:parameters><con:method name="Method 1" id="c5324525-5693-484e-9b23-549d885d40ce" method="POST"><con:settings/><con:parameters/><con:representation type="RESPONSE"><con:mediaType>application/json; charset=UTF-8</con:mediaType><con:status>200</con:status><con:params/></con:representation><con:representation type="REQUEST"><con:mediaType>application/json</con:mediaType><con:params/><con:element>root</con:element></con:representation><con:representation type="RESPONSE"><con:mediaType>application/xml;charset=UTF-8</con:mediaType><con:status>200</con:status><con:params/><con:element>response</con:element></con:representation><con:request name="Request 1" id="51576165-f476-4f6b-989c-8de146e1c113" mediaType="application/json" postQueryString="false"><con:settings><con:setting id="com.eviware.soapui.impl.wsdl.WsdlRequest@request-headers">&lt;xml-fragment/></con:setting></con:settings><con:endpoint>http://216.10.245.166</con:endpoint><con:request><![CDATA[<?xml version="1.0" encoding="UTF-8" ?>
<root>
    <location>
        <lat>-38.383494</lat>
        <lng>33.427362</lng>
    </location>
    <accuracy>50</accuracy>
    <name>The Mens store</name>
    <phone_number>(+91) 983 893 3937</phone_number>
    <address>Anna Salai, Chennai</address>
    <types>shoe park</types>
    <types>kadai</types>
    <website>http://google.com</website>
    <language>tamil-IN</language>
</root>
]]></con:request><con:originalUri>http://216.10.245.166/maps/api/place/add/xml</con:originalUri><con:credentials><con:authType>No Authorization</con:authType></con:credentials><con:jmsConfig JMSDeliveryMode="PERSISTENT"/><con:jmsPropertyConfig/><con:parameters><entry key="key" value=" qaclick123" xmlns="http://eviware.com/soapui/config"/></con:parameters><con:parameterOrder><con:entry>key</con:entry></con:parameterOrder></con:request></con:method></con:resource><con:resource name="json" path="/maps/api/place/delete/json" id="b7da39b2-13f2-4182-b753-9485b2a86303"><con:settings/><con:parameters><con:parameter><con:name>key</con:name><con:value>qaclick123</con:value><con:style>QUERY</con:style><con:default>qaclick123</con:default></con:parameter></con:parameters><con:method name="Method 1" id="7fb9b0e5-7108-41ec-a68d-58a32cfe6952" method="POST"><con:settings/><con:parameters/><con:representation type="RESPONSE"><con:mediaType>application/json;charset=UTF-8</con:mediaType><con:status>200</con:status><con:params/><con:element xmlns:json="http://216.10.245.166/maps/api/place/delete/json">json:Response</con:element></con:representation><con:representation type="REQUEST"><con:mediaType>application/json</con:mediaType><con:params/></con:representation><con:representation type="FAULT"><con:mediaType>application/json;charset=UTF-8</con:mediaType><con:status>404</con:status><con:params/><con:element xmlns:json="http://216.10.245.166/maps/api/place/delete/json">json:Fault</con:element></con:representation><con:request name="Request 1" id="2568abde-7a24-4b8f-97f0-144c58e2a065" mediaType="application/json" postQueryString="false"><con:settings><con:setting id="com.eviware.soapui.impl.wsdl.WsdlRequest@request-headers">&lt;xml-fragment/></con:setting></con:settings><con:endpoint>http://216.10.245.166</con:endpoint><con:request>{
    "place_id":"1c4fd57d94991322a76124d7ef9e4c52"          
}
</con:request><con:originalUri>http://216.10.245.166/maps/api/place/delete/json</con:originalUri><con:credentials><con:authType>No Authorization</con:authType></con:credentials><con:jmsConfig JMSDeliveryMode="PERSISTENT"/><con:jmsPropertyConfig/><con:parameters/></con:request></con:method></con:resource></con:interface><con:testSuite id="060c10fb-5aec-4742-af31-d3afe7362fe9" name="E2E"><con:settings/><con:runType>SEQUENTIAL</con:runType><con:testCase id="9ce0653a-6ceb-48bb-ace6-ec6df2ebe262" failOnError="true" failTestCaseOnErrors="true" keepSession="false" maxResults="0" name="Add/Delete" searchProperties="true"><con:settings/><con:testStep type="restrequest" name="REST Request Add" id="8fe9ddd3-0fac-456c-a8c5-096519c4dfaa"><con:settings/><con:config service="http://216.10.245.166" resourcePath="/maps/api/place/add/json" methodName="1" xsi:type="con:RestRequestStep" xmlns:xsi="http://www.w3.org/2001/XMLSchema-instance"><con:restRequest name="REST Request Add" id="e7657822-89da-4863-bfec-ac2d30d37e49" mediaType="application/json" postQueryString="false"><con:settings><con:setting id="com.eviware.soapui.impl.wsdl.WsdlRequest@request-headers">&lt;xml-fragment/></con:setting></con:settings><con:endpoint>${#TestSuite#baseurl}</con:endpoint><con:request>
{

    "location":{

        "lat" : -38.383494,

        "lng" : 33.427362

    },

    "accuracy":50,

    "name":"Frontline house",

    "phone_number":"(+91) 983 893 3937",

    "address" : "29, side layout, cohen 09",

    "types": ["shoe park","shop"],

    "website" : "http://google.com",

    "language" : "French-IN"

}
</con:request><con:originalUri>http://216.10.245.166/maps/api/place/add/json</con:originalUri><con:credentials><con:authType>No Authorization</con:authType></con:credentials><con:jmsConfig JMSDeliveryMode="PERSISTENT"/><con:jmsPropertyConfig/><con:parameters><entry key=" key" value="${#Project#key}" xmlns="http://eviware.com/soapui/config"/></con:parameters><con:parameterOrder><con:entry> key</con:entry></con:parameterOrder></con:restRequest></con:config></con:testStep><con:testStep type="transfer" name="Property Transfer" id="d1250d5f-0230-4d94-af91-f566837ac672"><con:settings/><con:config xsi:type="con:PropertyTransfersStep" xmlns:xsi="http://www.w3.org/2001/XMLSchema-instance"><con:transfers setNullOnMissingSource="true" transferTextContent="true" failOnError="true" ignoreEmpty="false" transferToAll="false" entitize="false" transferChildNodes="false"><con:name>Place ID</con:name><con:sourceType>Response</con:sourceType><con:sourceStep>REST Request Add</con:sourceStep><con:sourcePath>place_id</con:sourcePath><con:targetType>Request</con:targetType><con:targetStep>REST Request Delete</con:targetStep><con:targetPath>place_id</con:targetPath><con:type>JSONPATH</con:type><con:targetTransferType>JSONPATH</con:targetTransferType><con:upgraded>true</con:upgraded></con:transfers></con:config></con:testStep><con:testStep type="restrequest" name="REST Request Delete" id="842c1991-155f-4e5a-afdf-0380a27a872d"><con:settings/><con:config service="http://216.10.245.166" resourcePath="/maps/api/place/delete/json" methodName="Method 1" xsi:type="con:RestRequestStep" xmlns:xsi="http://www.w3.org/2001/XMLSchema-instance"><con:restRequest name="REST Request Delete" id="2568abde-7a24-4b8f-97f0-144c58e2a065" mediaType="application/json" postQueryString="false"><con:settings><con:setting id="com.eviware.soapui.impl.wsdl.WsdlRequest@request-headers">&lt;xml-fragment/></con:setting></con:settings><con:endpoint>${#TestSuite#baseurl}</con:endpoint><con:request>{"place_id":"7f16ae90dae77e4656b96b753607c857"}</con:request><con:originalUri>http://216.10.245.166/maps/api/place/delete/json</con:originalUri><con:credentials><con:authType>No Authorization</con:authType></con:credentials><con:jmsConfig JMSDeliveryMode="PERSISTENT"/><con:jmsPropertyConfig/><con:parameters><entry key="key" value="${#Project#key}" xmlns="http://eviware.com/soapui/config"/></con:parameters></con:restRequest></con:config></con:testStep><con:properties/></con:testCase><con:properties><con:property><con:name>baseurl</con:name><con:value>http://216.10.245.166</con:value></con:property></con:properties></con:testSuite><con:properties><con:property><con:name>key</con:name><con:value>qaclick123</con:value></con:property></con:properties><con:wssContainer/><con:oAuth2ProfileContainer/><con:oAuth1ProfileContainer/><con:sensitiveInformation/></con:soapui-project>