<?xml version="1.0" encoding="UTF-8"?>
<con:soapui-project id="494c09d2-0faa-45a9-8908-e06143e90c7d" activeEnvironment="Default" name="REST Project country united" resourceRoot="${projectDir}" soapui-version="5.7.0" abortOnError="false" runType="SEQUENTIAL" xmlns:con="http://eviware.com/soapui/config"><con:settings/><con:interface xsi:type="con:RestService" id="e0338d2e-b193-4cc8-ba36-cd355f6d9630" wadlVersion="http://wadl.dev.java.net/2009/02" name="https://restcountries.com" type="rest" xmlns:xsi="http://www.w3.org/2001/XMLSchema-instance"><con:settings/><con:definitionCache type="TEXT" rootPart=""/><con:endpoints><con:endpoint>https://restcountries.com</con:endpoint></con:endpoints><con:resource name="United" path="/v3.1/name/united" id="4aa958f3-2288-4815-8cbf-0c03e6d21410"><con:settings/><con:parameters/><con:method name="United 1" id="c58601ae-efba-4ec3-b94d-840f2bf0c3bb" method="GET"><con:settings/><con:parameters/><con:representation type="RESPONSE"><con:mediaType>application/json</con:mediaType><con:status>200</con:status><con:params/><con:element>Response</con:element></con:representation><con:request name="Request 1" id="06a3c189-1d31-4ead-ae87-7ab4bff13375" mediaType="application/json"><con:settings><con:setting id="com.eviware.soapui.impl.wsdl.WsdlRequest@request-headers">&lt;xml-fragment/></con:setting></con:settings><con:endpoint>https://restcountries.com</con:endpoint><con:request/><con:originalUri>https://restcountries.com/v3.1/name/united</con:originalUri><con:credentials><con:authType>No Authorization</con:authType></con:credentials><con:jmsConfig JMSDeliveryMode="PERSISTENT"/><con:jmsPropertyConfig/><con:parameters/></con:request></con:method></con:resource></con:interface><con:testSuite id="be54619f-6407-466b-b853-37088fcd5546" name="restcountries united TestSuite"><con:description>TestSuite generated for REST Service [https://restcountries.com]</con:description><con:settings/><con:runType>SEQUENTIAL</con:runType><con:testCase id="be69d16d-4bbe-4c7b-8a39-7b003b497005" failOnError="true" failTestCaseOnErrors="true" keepSession="false" maxResults="0" name="United TestCase" searchProperties="true"><con:description>TestCase generated for REST Resource [United] located at [/v3.1/name/united]</con:description><con:settings/><con:testStep type="restrequest" name="Request 1" id="289e043e-196b-4bca-a896-2dea9399ef7e"><con:settings/><con:config service="https://restcountries.com" resourcePath="/v3.1/name/united" methodName="United 1" xsi:type="con:RestRequestStep" xmlns:xsi="http://www.w3.org/2001/XMLSchema-instance"><con:restRequest name="Request 1" id="06a3c189-1d31-4ead-ae87-7ab4bff13375" mediaType="application/json"><con:settings><con:setting id="com.eviware.soapui.impl.wsdl.WsdlRequest@request-headers">&lt;xml-fragment/></con:setting></con:settings><con:endpoint>https://restcountries.com</con:endpoint><con:request/><con:originalUri>https://restcountries.com/v3.1/name/united</con:originalUri><con:assertion type="GroovyScriptAssertion" id="0e0ba20d-4327-45e2-854f-059b723a9e5c" name="Script Assertion If condition array loop"><con:configuration><scriptText>
import groovy.json.JsonSlurper
boolean flag;
//grab response from API
def response= messageExchange.response.responseContent
  def jsonsl= new JsonSlurper().parseText(response)
  log.info jsonsl.continents [0]
  log.info jsonsl.translations.fin.common[4]
for (int i=0; i&lt;7; i++)
{
	if (jsonsl.translations.fin.common[i]==  "Arabiemiraatit" )

	{
		flag=true;
		}
	}
	assert flag==true</scriptText></con:configuration></con:assertion><con:credentials><con:authType>No Authorization</con:authType></con:credentials><con:jmsConfig JMSDeliveryMode="PERSISTENT"/><con:jmsPropertyConfig/><con:parameters/></con:restRequest></con:config></con:testStep><con:properties/></con:testCase><con:properties/></con:testSuite><con:properties/><con:wssContainer/><con:oAuth2ProfileContainer/><con:oAuth1ProfileContainer/><con:sensitiveInformation/></con:soapui-project>