<?xml version="1.0" encoding="UTF-8"?>
<con:soapui-project activeEnvironment="Default" name="Flickr" resourceRoot="${projectDir}" soapui-version="5.7.0" id="3c4a406c-8c4e-4503-994c-f7712b3a9e5a" abortOnError="false" runType="SEQUENTIAL" xmlns:con="http://eviware.com/soapui/config"><con:settings/><con:interface xsi:type="con:RestService" wadlVersion="http://wadl.dev.java.net/2009/02" name="Flickr" type="rest" basePath="" id="47b864c7-5159-4a66-8707-59dd515e3381" xmlns:xsi="http://www.w3.org/2001/XMLSchema-instance"><con:settings/><con:definitionCache type="TEXT" rootPart=""/><con:endpoints><con:endpoint>http://api.flickr.com</con:endpoint></con:endpoints><con:resource name="services" path="services" id="70a0a610-735f-44be-9b78-d0214fb721d6"><con:settings/><con:parameters><con:parameter required="true"><con:name>method</con:name><con:value/><con:style>QUERY</con:style><con:default/><con:option>flickr.photos.search</con:option><con:option>flickr.groups.search</con:option><con:option>flickr.people.findByUsername</con:option><con:option>flickr.places.find</con:option><con:option>flickr.cameras.getBrands</con:option><con:option>flickr.interestingness.getList</con:option></con:parameter><con:parameter required="true"><con:name>api_key</con:name><con:value>${#Project#ApiKey}</con:value><con:style>QUERY</con:style><con:default>${#Project#ApiKey}</con:default></con:parameter></con:parameters><con:resource name="rest" path="rest" id="0077291c-0809-4123-8734-586550538012"><con:settings/><con:parameters><con:parameter><con:name>format</con:name><con:value/><con:style>QUERY</con:style><con:default/><con:option>json</con:option><con:option>php_serial</con:option><con:option>xmlrpc</con:option><con:option>soap</con:option><con:option>rest</con:option></con:parameter><con:parameter><con:name>nojsoncallback</con:name><con:value/><con:style>QUERY</con:style><con:default/><con:option>1</con:option></con:parameter></con:parameters><con:method name="Photo Search" method="GET" id="a98a32f9-3365-4008-ac8e-53e487bc5350"><con:settings/><con:parameters><con:parameter><con:name>text</con:name><con:value/><con:style>QUERY</con:style><con:default/></con:parameter></con:parameters><con:representation type="FAULT"><con:mediaType>text/html; charset=UTF-8</con:mediaType><con:status>404</con:status><con:params/><con:element>html</con:element></con:representation><con:representation type="RESPONSE"><con:mediaType>text/xml; charset=utf-8</con:mediaType><con:status>200</con:status><con:params/><con:element>rsp</con:element></con:representation><con:representation type="RESPONSE"><con:mediaType>text/javascript; charset=utf-8</con:mediaType><con:status>200</con:status><con:params/></con:representation><con:representation type="RESPONSE"><con:mediaType>application/soap+xml; charset=utf-8</con:mediaType><con:status>200</con:status><con:params/><con:element xmlns:soap="http://www.w3.org/2003/05/soap-envelope">soap:Envelope</con:element></con:representation><con:request name="Request 1" mediaType="application/xml" id="39e7df2b-1425-4383-a589-2b9f0df3d3bd"><con:settings><con:setting id="com.eviware.soapui.impl.wsdl.WsdlRequest@request-headers">&lt;xml-fragment/></con:setting></con:settings><con:endpoint>http://api.flickr.com</con:endpoint><con:request/><con:credentials><con:authType>Global HTTP Settings</con:authType></con:credentials><con:jmsConfig JMSDeliveryMode="PERSISTENT"/><con:jmsPropertyConfig/><con:parameters>
  <con:entry key="text" value="soapui"/>
  <con:entry key="method" value="flickr.photos.search"/>
  <con:entry key="format" value="rest"/>
</con:parameters></con:request></con:method><con:method name="Group Search" method="GET" id="c27c3d77-eb99-4eed-bc12-7415e5328187"><con:settings/><con:parameters><con:parameter><con:name>text</con:name><con:value/><con:style>QUERY</con:style><con:type xmlns:xs="http://www.w3.org/2001/XMLSchema">xs:string</con:type><con:default/><con:path xsi:nil="true"/><con:description xsi:nil="true"/></con:parameter></con:parameters><con:representation type="RESPONSE"><con:mediaType>text/xml; charset=utf-8</con:mediaType><con:status>200</con:status><con:params/><con:element>rsp</con:element></con:representation><con:request name="Request 1" mediaType="application/xml" id="357c05a0-955f-456a-9c0e-38a7b7720731"><con:settings><con:setting id="com.eviware.soapui.impl.wsdl.WsdlRequest@request-headers">&lt;xml-fragment/></con:setting></con:settings><con:endpoint>http://api.flickr.com</con:endpoint><con:request/><con:credentials><con:authType>Global HTTP Settings</con:authType></con:credentials><con:jmsConfig JMSDeliveryMode="PERSISTENT"/><con:jmsPropertyConfig/><con:parameters>
  <con:entry key="text" value="leica"/>
  <con:entry key="method" value="flickr.groups.search"/>
</con:parameters></con:request></con:method><con:method name="Find User" method="GET" id="8af30aec-1963-4342-8b4a-b4569eabc016"><con:settings/><con:parameters><con:parameter><con:name>username</con:name><con:value/><con:style>QUERY</con:style><con:type xmlns:xs="http://www.w3.org/2001/XMLSchema">xs:string</con:type><con:default/><con:path xsi:nil="true"/><con:description xsi:nil="true"/></con:parameter></con:parameters><con:representation type="RESPONSE"><con:mediaType>text/xml; charset=utf-8</con:mediaType><con:status>200</con:status><con:params/><con:element>rsp</con:element></con:representation><con:request name="Request 1" mediaType="application/xml" id="95194fa4-b462-4d28-a5a9-cffd18f05e2a"><con:settings><con:setting id="com.eviware.soapui.impl.wsdl.WsdlRequest@request-headers">&lt;xml-fragment/></con:setting></con:settings><con:endpoint>http://api.flickr.com</con:endpoint><con:request/><con:credentials><con:authType>Global HTTP Settings</con:authType></con:credentials><con:jmsConfig JMSDeliveryMode="PERSISTENT"/><con:jmsPropertyConfig/><con:parameters>
  <con:entry key="username" value="olensmar"/>
  <con:entry key="method" value="flickr.people.findByUsername"/>
</con:parameters></con:request></con:method><con:method name="Find Places" method="GET" id="86182845-98cb-4223-a6f2-2f816823f42f"><con:settings/><con:parameters><con:parameter><con:name>query</con:name><con:value/><con:style>QUERY</con:style><con:type xmlns:xs="http://www.w3.org/2001/XMLSchema">xs:string</con:type><con:default/><con:path xsi:nil="true"/><con:description xsi:nil="true"/></con:parameter></con:parameters><con:representation type="RESPONSE"><con:mediaType>text/xml; charset=utf-8</con:mediaType><con:status>200</con:status><con:params/><con:element>rsp</con:element></con:representation><con:representation type="RESPONSE"><con:mediaType>application/json</con:mediaType><con:status>200</con:status><con:params/><con:element xmlns:rest="http://api.flickr.com/services/rest">rest:Response</con:element></con:representation><con:request name="Request 1" mediaType="application/xml" id="708a5b59-d60f-4e85-a2eb-6ae0586707bb"><con:settings><con:setting id="com.eviware.soapui.impl.wsdl.WsdlRequest@request-headers">&lt;xml-fragment/></con:setting></con:settings><con:endpoint>http://api.flickr.com</con:endpoint><con:request/><con:credentials><con:authType>Global HTTP Settings</con:authType></con:credentials><con:jmsConfig JMSDeliveryMode="PERSISTENT"/><con:jmsPropertyConfig/><con:parameters>
  <con:entry key="query" value="stockholm"/>
  <con:entry key="method" value="flickr.places.find"/>
</con:parameters></con:request></con:method><con:method name="Get Cameras" method="GET" id="1be7e482-a2be-4f78-86d6-a177fe76de07"><con:settings/><con:parameters/><con:representation type="RESPONSE"><con:mediaType>text/xml; charset=utf-8</con:mediaType><con:status>200</con:status><con:params/><con:element>rsp</con:element></con:representation><con:representation type="RESPONSE"><con:mediaType>text/javascript; charset=utf-8</con:mediaType><con:status>200</con:status><con:params/></con:representation><con:representation type="RESPONSE"><con:mediaType>text/plain; charset=utf-8</con:mediaType><con:status>200</con:status><con:params/><con:element>data</con:element></con:representation><con:representation type="RESPONSE"><con:mediaType>application/soap+xml; charset=utf-8</con:mediaType><con:status>200</con:status><con:params/><con:element xmlns:soap="http://www.w3.org/2003/05/soap-envelope">soap:Envelope</con:element></con:representation><con:representation type="RESPONSE"><con:mediaType>application/json</con:mediaType><con:status>200</con:status><con:params/><con:element xmlns:rest="http://api.flickr.com/services/rest">rest:Response</con:element></con:representation><con:request name="Request 1" mediaType="application/xml" id="6c563dee-310b-4cc5-b95b-58c1db5ae6c5"><con:settings><con:setting id="com.eviware.soapui.impl.wsdl.WsdlRequest@request-headers">&lt;xml-fragment/></con:setting></con:settings><con:endpoint>http://api.flickr.com</con:endpoint><con:request/><con:credentials><con:authType>Global HTTP Settings</con:authType></con:credentials><con:jmsConfig JMSDeliveryMode="PERSISTENT"/><con:jmsPropertyConfig/><con:parameters>
  <con:entry key="nojsoncallback" value="1"/>
  <con:entry key="method" value="flickr.cameras.getBrands"/>
  <con:entry key="format" value="php_serial"/>
</con:parameters></con:request></con:method><con:method name="Interestingness" method="GET" id="93d4327c-df1b-4785-9a43-5023a6461b13"><con:settings/><con:parameters/><con:representation type="RESPONSE"><con:mediaType>text/xml; charset=utf-8</con:mediaType><con:status>200</con:status><con:params/><con:element>rsp</con:element></con:representation><con:representation type="RESPONSE"><con:mediaType>application/json</con:mediaType><con:status>200</con:status><con:params/><con:element xmlns:rest="http://api.flickr.com/services/rest">rest:Response</con:element></con:representation><con:request name="Request 1" mediaType="application/xml" id="30cae577-91b2-48ca-921f-3c3aae051afc"><con:settings><con:setting id="com.eviware.soapui.impl.wsdl.WsdlRequest@request-headers">&lt;xml-fragment/></con:setting></con:settings><con:endpoint>http://api.flickr.com</con:endpoint><con:request/><con:credentials><con:authType>Global HTTP Settings</con:authType></con:credentials><con:jmsConfig JMSDeliveryMode="PERSISTENT"/><con:jmsPropertyConfig/><con:parameters>
  <con:entry key="nojsoncallback" value="1"/>
  <con:entry key="method" value="flickr.interestingness.getList"/>
  <con:entry key="format" value="json"/>
</con:parameters></con:request></con:method></con:resource></con:resource></con:interface><con:testSuite name="TestSuite" id="c02800c4-435e-40e0-b284-e648566762d7"><con:settings/><con:runType>SEQUENTIAL</con:runType><con:testCase failOnError="true" failTestCaseOnErrors="true" keepSession="false" maxResults="0" name="TestCase" searchProperties="true" id="731ad4bf-e60d-450a-ac48-9ddacccfe4b7"><con:description>Basic tests for Flickr API - including both authenticated and anonymous resources:
- First request makes sure the interestingness list always contains 100 entries (which it won't when a new day starts)
- Send request makes sure the specified user can be found
- Third request checks that "Nikon" is in the list of cameras
- Fourth request checks that there are photos available for "Stockholm"

see http://www.flickr.com/services/api/</con:description><con:settings><con:setting id="IncludeOverview">true</con:setting><con:setting id="IncludeResults">true</con:setting><con:setting id="FlowLayout">false</con:setting><con:setting id="ErrorDetails">true</con:setting><con:setting id="IncludeCoverage">true</con:setting></con:settings><con:testStep type="restrequest" name="Interestingness Request - JSON" id="8d56439c-981f-4a6a-ab6d-e0ce70552aa4"><con:settings/><con:config service="Flickr" resourcePath="/services/rest" methodName="Interestingness" xsi:type="con:RestRequestStep" xmlns:xsi="http://www.w3.org/2001/XMLSchema-instance"><con:restRequest name="Interestingness Request - JSON" mediaType="application/xml" id="a1a196dd-99d8-476a-b045-eeefc01e4537"><con:settings><con:setting id="com.eviware.soapui.impl.wsdl.WsdlRequest@request-headers">&lt;xml-fragment/></con:setting></con:settings><con:endpoint>http://api.flickr.com</con:endpoint><con:request/><con:originalUri>https://api.flickr.com/services/rest</con:originalUri><con:assertion type="JsonPath Match" id="e740c900-cf61-4c5a-95f9-b2e79f9a6100" name="JsonPath Match giving title and ask for owner"><con:configuration><path>photos.photo[?(@.title=='Puffy Fluffy Pancake')].owner</path><content>[155663064@N05]</content><allowWildcards>false</allowWildcards><ignoreNamspaceDifferences>false</ignoreNamspaceDifferences><ignoreComments>false</ignoreComments></con:configuration></con:assertion><con:assertion type="JsonPath Match" id="f2485ef9-ef9e-43d6-a7f9-c800abb7c957" name="JsonPath Match"><con:configuration><path>photos.perpage</path><content>100</content><allowWildcards>false</allowWildcards><ignoreNamspaceDifferences>false</ignoreNamspaceDifferences><ignoreComments>false</ignoreComments></con:configuration></con:assertion><con:assertion type="JsonPath Match" id="e0616468-2230-4a54-902e-aa777264ef29" name="JsonPath Match 1"><con:configuration><path>stat</path><content>ok</content><allowWildcards>false</allowWildcards><ignoreNamspaceDifferences>false</ignoreNamspaceDifferences><ignoreComments>false</ignoreComments></con:configuration></con:assertion><con:assertion type="JsonPath Count" id="240e1c35-0a9c-4860-b5f9-f1e420105833" name="JsonPath Count"><con:configuration><path>photos.photo</path><content>97</content><allowWildcards>false</allowWildcards><ignoreNamspaceDifferences>false</ignoreNamspaceDifferences><ignoreComments>false</ignoreComments></con:configuration></con:assertion><con:assertion type="JsonPath Match" id="4098224b-294d-4f23-b237-0268a70f410b" name="JsonPath Match select star/all"><con:configuration><path>photos.photo[91].*</path><content>[52168628147, 155663064@N05, 09207c48b5, 65535, 66, Puffy Fluffy Pancake, 1, 0, 0]</content><allowWildcards>false</allowWildcards><ignoreNamspaceDifferences>false</ignoreNamspaceDifferences><ignoreComments>false</ignoreComments></con:configuration></con:assertion><con:assertion type="XPath Match" name="Check count of [e]" id="154518a2-075a-433c-8741-a82cf70200d2"><con:configuration><path>declare namespace ns1='http://api.flickr.com/services/rest';
count( //ns1:Response/ns1:photos/ns1:photo/ns1:e)</path><content>0</content><allowWildcards>false</allowWildcards><ignoreNamspaceDifferences>false</ignoreNamspaceDifferences><ignoreComments>false</ignoreComments></con:configuration></con:assertion><con:assertion type="JsonPath Existence Match" id="a2a2e432-800c-4a68-a223-1e331e907b06" name="JsonPath Existence Match True/false result"><con:configuration><path>extra.next_prelude_interval</path><content>true</content><allowWildcards>false</allowWildcards><ignoreNamspaceDifferences>false</ignoreNamspaceDifferences><ignoreComments>false</ignoreComments></con:configuration></con:assertion><con:assertion type="JsonPath RegEx Match" id="d385b881-4989-4c30-98eb-aedeca2b8f58" name="JsonPath RegEx Match"><con:configuration><path>photos.photo[45].id</path><content>true</content><allowWildcards>false</allowWildcards><ignoreNamspaceDifferences>false</ignoreNamspaceDifferences><ignoreComments>false</ignoreComments><regEx>[0-9]*[A-Za-z]*</regEx></con:configuration></con:assertion><con:assertion type="GroovyScriptAssertion" id="e09c6a09-4c65-4d8e-8f20-394aa037c4ac" name="Script Assertion"><con:configuration/></con:assertion><con:credentials><con:selectedAuthProfile>Basic</con:selectedAuthProfile><con:addedBasicAuthenticationTypes>Basic</con:addedBasicAuthenticationTypes><con:authType>Global HTTP Settings</con:authType></con:credentials><con:jmsConfig JMSDeliveryMode="PERSISTENT"/><con:jmsPropertyConfig/><con:parameters>
  <con:entry key="nojsoncallback" value="1"/>
  <con:entry key="method" value="flickr.interestingness.getList"/>
  <con:entry key="format" value="json"/>
</con:parameters></con:restRequest></con:config></con:testStep><con:testStep type="restrequest" name="Find User Request - REST" id="72723249-752f-4c47-a639-2a5fe70e5272"><con:settings/><con:config service="Flickr" resourcePath="/services/rest" methodName="Find User" xsi:type="con:RestRequestStep" xmlns:xsi="http://www.w3.org/2001/XMLSchema-instance"><con:restRequest name="Find User Request - REST" mediaType="application/xml" id="2a41969b-02b7-4ef3-a2d6-18bc9d757498"><con:settings><con:setting id="com.eviware.soapui.impl.wsdl.WsdlRequest@request-headers">&lt;xml-fragment/></con:setting></con:settings><con:endpoint>http://api.flickr.com</con:endpoint><con:request/><con:originalUri>https://api.flickr.com/services/rest</con:originalUri><con:assertion type="XPath Match" name="Match content of [rsp]" id="85b42817-1be9-4d6f-9535-58422eb0c2c0"><con:configuration><path>//rsp[1]</path><content><![CDATA[<rsp stat="ok">
  <user id="42340368@N08" nsid="42340368@N08">
    <username>olensmar</username>
  </user>
</rsp>]]></content><allowWildcards>false</allowWildcards><ignoreNamspaceDifferences>false</ignoreNamspaceDifferences><ignoreComments>false</ignoreComments></con:configuration></con:assertion><con:assertion type="XPath Match" id="e7e98115-c89a-4fe6-9e16-04e3b9462b1a" name="XPath Match"><con:configuration><path>declare namespace ns1='http://api.flickr.com/services/rest';
exists( //ns1:Response/ns1:user/ns1:username)</path><content>false</content><allowWildcards>false</allowWildcards><ignoreNamspaceDifferences>false</ignoreNamspaceDifferences><ignoreComments>false</ignoreComments></con:configuration></con:assertion><con:credentials><con:selectedAuthProfile>Basic</con:selectedAuthProfile><con:addedBasicAuthenticationTypes>Basic</con:addedBasicAuthenticationTypes><con:authType>Global HTTP Settings</con:authType></con:credentials><con:jmsConfig JMSDeliveryMode="PERSISTENT"/><con:jmsPropertyConfig/><con:parameters>
  <con:entry key="username" value="olensmar"/>
  <con:entry key="method" value="flickr.people.findByUsername"/>
  <con:entry key="format" value="rest"/>
</con:parameters></con:restRequest></con:config></con:testStep><con:testStep type="restrequest" name="Get Cameras - SOAP" id="457ea7ff-cd06-4123-a217-3d15225605a6"><con:settings/><con:config service="Flickr" resourcePath="/services/rest" methodName="Get Cameras" xsi:type="con:RestRequestStep" xmlns:xsi="http://www.w3.org/2001/XMLSchema-instance"><con:restRequest name="Get Cameras - SOAP" mediaType="application/xml" id="aa74941b-36a5-4837-8b91-b5c84145b25d"><con:settings><con:setting id="com.eviware.soapui.impl.wsdl.WsdlRequest@request-headers">&lt;xml-fragment/></con:setting></con:settings><con:endpoint>http://api.flickr.com</con:endpoint><con:request/><con:originalUri>https://api.flickr.com/services/rest</con:originalUri><con:assertion type="Simple Contains" name="Contains" id="f46e203f-0e07-4f28-94db-8522a6f9f22d"><con:configuration><token>&lt;brand id="nikon" name="Nikon" /></token><ignoreCase>false</ignoreCase><useRegEx>false</useRegEx></con:configuration></con:assertion><con:credentials><con:selectedAuthProfile>Basic</con:selectedAuthProfile><con:addedBasicAuthenticationTypes>Basic</con:addedBasicAuthenticationTypes><con:authType>Global HTTP Settings</con:authType></con:credentials><con:jmsConfig JMSDeliveryMode="PERSISTENT"/><con:jmsPropertyConfig/><con:parameters>
  <con:entry key="method" value="flickr.cameras.getBrands"/>
  <con:entry key="format" value="soap"/>
  <con:entry key="nojsoncallback" value="1"/>
</con:parameters></con:restRequest></con:config></con:testStep><con:testStep type="restrequest" name="Find Places - JSON" id="2f438917-076a-45e1-af9b-6c9bce95f1fe"><con:settings/><con:config service="Flickr" resourcePath="/services/rest" methodName="Find Places" xsi:type="con:RestRequestStep" xmlns:xsi="http://www.w3.org/2001/XMLSchema-instance"><con:restRequest name="Find Places - JSON" mediaType="application/xml" accept="" id="c4b5f1bf-f6dd-4a8e-ad79-b0fc019ee319"><con:settings><con:setting id="com.eviware.soapui.impl.wsdl.WsdlRequest@request-headers">&lt;xml-fragment/></con:setting></con:settings><con:endpoint>http://api.flickr.com</con:endpoint><con:request/><con:originalUri>https://api.flickr.com/services/rest</con:originalUri><con:assertion type="XPath Match" name="Check for existance of [e]" id="db6cce8f-085f-4416-ad2d-2c4e4d1582cd"><con:configuration><path>declare namespace ns1='http://api.flickr.com/services/rest';
exists( //ns1:Response/ns1:places/ns1:place)</path><content>true</content><allowWildcards>false</allowWildcards><ignoreNamspaceDifferences>false</ignoreNamspaceDifferences><ignoreComments>false</ignoreComments></con:configuration></con:assertion><con:assertion type="GroovyScriptAssertion" id="abb15b82-156d-44d7-9e45-a877655a630e" name="Script Assertion"><con:configuration><scriptText>import com.eviware.soapui.support.XmlHolder
def xmlresponse=messageExchange.response.responseContent
def parsexmlresponse=new XmlHolder (xmlresponse)
parsexmlresponse.namespaces["ns"] = 'http://tempuri.org/'</scriptText></con:configuration></con:assertion><con:credentials><con:selectedAuthProfile>Basic</con:selectedAuthProfile><con:addedBasicAuthenticationTypes>Basic</con:addedBasicAuthenticationTypes><con:authType>Global HTTP Settings</con:authType></con:credentials><con:jmsConfig JMSDeliveryMode="PERSISTENT"/><con:jmsPropertyConfig/><con:parameters>
  <con:entry key="query" value="stockholm"/>
  <con:entry key="nojsoncallback" value="1"/>
  <con:entry key="method" value="flickr.places.find"/>
  <con:entry key="format" value="json"/>
</con:parameters></con:restRequest></con:config></con:testStep><con:properties><con:property><con:name>temp</con:name><con:value/></con:property></con:properties><con:reportParameters/></con:testCase><con:properties/><con:reportParameters/></con:testSuite><con:requirements/><con:properties><con:property><con:name>ApiKey</con:name><con:value>df4c4461f7eb5b150e183f7c0fec4a88</con:value></con:property></con:properties><con:wssContainer/><con:databaseConnectionContainer/><con:oAuth2ProfileContainer/><con:oAuth1ProfileContainer/><con:reporting><con:reportTemplates/><con:xmlTemplates/><con:parameters/></con:reporting><con:sensitiveInformation/></con:soapui-project>